Diabetes,Cardiovascular,
Diabetes,Cirugia y diabetes,
Diabetes,Diabetes,
Diabetes,Complicaciones,
Diabetes,Oftalmologia,
Diabetes,Prevencion,
Diabetes,Diabetes gestacional,Definiciones de d.g
Diabetes,Alimentacion y diabetes,Productos dieteticos y diabetes
Diabetes,Alimentacion y diabetes,Licor y diabetes
Diabetes,Farmacos,
Diabetes,Disfuncion sexual,
Diabetes,Dental,
Diabetes,Diagnostico de diabetes,
Diabetes,Diabetes gestacional,Complicaciones d.g
Diabetes,Diabetes gestacional,Complicaciones del bebe y d.g
Diabetes,Diabetes gestacional,Tratamiento de la d.g
Diabetes,Diabetes gestacional,Diagnosticos dg
Diabetes,Diabetes gestacional,Sintomatologia de d.g
Diabetes,Diabetes gestacional,Pronosticos d.g
Diabetes,Diabetes tipo 1,
Diabetes,Diabetes tipo 2,
Diabetes,Diabetes y deporte,
Diabetes,Diabetes y huesos,
Diabetes,Ejercicio y diabetes,
Diabetes,Hipoglicemia,
Diabetes,Nefropatia,
Diabetes,Neuropatia,
Diabetes,Obesidad y diabetes,
Diabetes,Pie diabetico,
Diabetes,Piel,
Diabetes,Pre diabetes,
Diabetes,Retinopatia diabetica,
Diabetes,,
Diabetes,Cetoacidosis,
Diabetes,Alimentacion y diabetes,Comidas y diabetes
Diabetes,Diagnostico,

