Diabetes,Complicaciones diabetes,Glaucoma
Diabetes,Cardiovascular,
Diabetes,Cirugia y diabetes,
Diabetes,Informacion general y diabetes,
Diabetes,Informacion general y diabetes,Clasificacion de la diabetes
Diabetes,Complicaciones diabetes,
Diabetes,Complicaciones diabetes,Retinopatia diabetica
Diabetes,Informacion general y diabetes,Sintomas de la diabetes
Diabetes,Diagnostico de diabetes,Test de diagnosticos
Diabetes,Informacion general y diabetes,Cura de la diabetes
Diabetes,Alimentacion y diabetes,Comidas y diabetes
Diabetes,Diabetes y deporte,
Diabetes,Informacion general y diabetes,G
Diabetes,Prevencion y diabetes,Factores que predisponen y diabetes
Diabetes,Prevencion y diabetes,P
Diabetes,Informacion general y diabetes,Factores hereditarios y diabetes
Diabetes,Prevencion y diabetes,
Diabetes,Prevencion y diabetes,Autocontrol y diabetes
Diabetes,Diabetes gestacional,Definiciones de d.g
Diabetes,Alimentacion y diabetes,Productos dieteticos y diabetes
Diabetes,Alimentacion y diabetes,Licor y diabetes
Diabetes,Farmacos,Insulina
Diabetes,Farmacos,
Diabetes,Disfuncion sexual,
Diabetes,Prevencion y diabetes,Tabaco y diabetes
Diabetes,Dental y diabetes,
Diabetes,Diagnostico de diabetes,
Diabetes,Informacion general y diabetes,C
Diabetes,Diabetes gestacional,Complicaciones d.g
Diabetes,Diabetes gestacional,Complicaciones del bebe y d.g
Diabetes,Diabetes gestacional,Tratamiento de la d.g
Diabetes,Diabetes gestacional,Diagnosticos dg
Diabetes,Diabetes gestacional,Sintomatologia de d.g
Diabetes,Diabetes gestacional,Pronosticos d.g
Diabetes,Informacion general y diabetes,Diabetes tipo 1
Diabetes,Informacion general y diabetes,Diabetes tipo 2
Diabetes,Diabetes tipo 2,
Diabetes,Diabetes y huesos,
Diabetes,Disfuncion sexual,Disfuncion erectil en hombres
Diabetes,Disfuncion sexual,Disfuncion erectil en mujeres
Diabetes,Ejercicio y diabetes,
Diabetes,Hipoglicemia,
Diabetes,Nefropatia,
Diabetes,Neuropatia,
Diabetes,Alimentacion y diabetes,Obesidad y diabetes
Diabetes,Complicaciones diabetes,Pie diabetico
Diabetes,Piel,
Diabetes,Pre diabetes,
Diabetes,,
Diabetes,Complicaciones diabetes,Oftalmologia
Diabetes,Informacion general y diabetes,Epidemiologia y diabetes
Diabetes,Complicaciones diabetes,Cetoacidosis
Diabetes,Diagnostico de diabetes,Resultados de hemoglobina glicosilada
Diabetes,Diagnostico de diabetes,Niveles de glicemia
